Fecha,Usuario,SSR,Tipo Documento,Archivo,Ruta,Subnivel
2025-04-25 14:46:06,Soledad,SSR002 - CAPR CALETA TUBUL,01_Diagnóstico Terreno,Listado 1_Essbio.xlsx,G:\Unidades compartidas\CFC 2025\2501_03_Diagnóstico SSR Región Biobío\8. Etapa II\Etapa II_SF\SSR002 - CAPR CALETA TUBUL\01_Diagnóstico Terreno\Listado 1_Essbio.xlsx,
2025-04-25 14:58:18,,SSR002 - CAPR CALETA TUBUL,01_Diagnóstico Terreno,SSR002_01_Diagnóstico Terreno_20250425_.pdf,G:\Unidades compartidas\CFC 2025\2501_03_Diagnóstico SSR Región Biobío\8. Etapa II\Etapa II_SF\SSR002 - CAPR CALETA TUBUL\01_Diagnóstico Terreno\SSR002_01_Diagnóstico Terreno_20250425_.pdf,
2025-04-25 15:01:14,,SSR002 - CAPR CALETA TUBUL,01_Diagnóstico Terreno,SSR002_01_Diagnóstico Terreno_20250425_.pdf,G:\Unidades compartidas\CFC 2025\2501_03_Diagnóstico SSR Región Biobío\8. Etapa II\Etapa II_SF\SSR002 - CAPR CALETA TUBUL\01_Diagnóstico Terreno\SSR002_01_Diagnóstico Terreno_20250425_.pdf,
2025-04-25 15:41:20,,SSR002 - CAPR CALETA TUBUL,01_Diagnóstico Terreno,SSR002_01_Diagnóstico Terreno_Actas de Visita_20250425_.kmz,G:\Unidades compartidas\CFC 2025\2501_03_Diagnóstico SSR Región Biobío\8. Etapa II\Etapa II_SF\SSR002 - CAPR CALETA TUBUL\01_Diagnóstico Terreno\Actas de Visita\SSR002_01_Diagnóstico Terreno_Actas de Visita_20250425_.kmz,Actas de Visita
2025-04-25 15:41:51,,SSR002 - CAPR CALETA TUBUL,01_Diagnóstico Terreno,SSR002_01_Diagnóstico Terreno_Actas de Visita_20250425_.kmz,G:\Unidades compartidas\CFC 2025\2501_03_Diagnóstico SSR Región Biobío\8. Etapa II\Etapa II_SF\SSR002 - CAPR CALETA TUBUL\01_Diagnóstico Terreno\Actas de Visita\SSR002_01_Diagnóstico Terreno_Actas de Visita_20250425_.kmz,Actas de Visita
2025-04-25 15:41:51,,SSR002 - CAPR CALETA TUBUL,01_Diagnóstico Terreno,SSR002_01_Diagnóstico Terreno_Actas de Visita_20250425_.dwg,G:\Unidades compartidas\CFC 2025\2501_03_Diagnóstico SSR Región Biobío\8. Etapa II\Etapa II_SF\SSR002 - CAPR CALETA TUBUL\01_Diagnóstico Terreno\Actas de Visita\SSR002_01_Diagnóstico Terreno_Actas de Visita_20250425_.dwg,Actas de Visita
